PETROCAN-13203 82ND ST NWEDMONTON AB,-145.92
CLEANERS WAREHOUSE ,-2036.93
GOOGLE GSUITE OPTIMAX,-90.25
PRO DETAIL SUPPLY ,-681.45
OVERLIMIT FEE,-116
AUTOMATIC PAYMENT - THANK YOU,47
PURCHASE INTEREST 19.99%,-715.93
CARPET SUPERSTORE ,-11.03
BOSTON PIZZA ,-172.97
GLENORA LUMBER ,-145.83
NORTH CENTRAL CO-OP ,-1018.09
THE HOME DEPOT ,-1444.51
DULUX PAINTS ,-1451.19
LOWES,-1625.96
SHELL,-100
CLEANERS WAREHOUSE,-1094.97
QUICKBOOKS ONLINE AB,-183.75
GOOGLE *GUITE OPTIMAX,-14.04
STAPLES STORE ,-5.25
7 ELEVEN STORE 37831 ,-80
LOWES #03158* ,-620.31
FANCY WINDOWS MFG INC. ,-27905.74
AMAZON.CA*OE5CV5W73 AMAZON.CA,-135.14
PETROCAN-143 ST ALBERT RDST ALBERT AB,-84.91
SHELL 320 4 VERSAILLES AVST. ALBERT AB,-274.49
CDN TIRE GASBAR ST ALBERT AB,-75
GOOGLE*GSUITE OPTIMAXG CC GOOGLE.COMCA,-14.04
PETROCAN-12707 127 STREETEDMONTON AB,-50
HUSKY 51 AVENUE 5145 ,-65
CONSOLIDATED GUPSUM SUPPLEDMONTON AB,-666.8
LYMBURN FOODMART ,-82.42
PETROCAN-16441-97TH ST.NWEDMONTON AB,-62.02
22579 MAC'S CONVENIE ,-60
7 ELEVEN STORE ST. ALBERT AB,-184.39
FAS GAS BARRHEAD SERVICE BARRHEAD AB,-17.83
VISTAPR*VISTAPRINT.CA,-143.56
GODADDY.COM CANADA,-11.54
WINDSOR PLYWOOD ,-236.2
*VORTEK CONSTRUCTION L780-4586799 AB,-4905.86
RONA ST. ALBERT AB,-39.44
FANCY DOORS & MOULDINGS ,-236.52
LONDONDERRY CTRE ,-288
WCB ALBERTA ,-490.38
BELL MOBILITY VERDUN,-264.87
PETROCAN-13708 164 ST NW ,-91.12
WINDSOR PLYWOOD LTD ,-561.19
RONA STONY PLAIN ,-21.25
TIM HORTONS ,-42.82
RH SERVICES INC ,-1575
NELSON LUMBER COMPANY ,0
CLOVERDALE PAINT ,-27.29
ALBERTA DRYWALL & STUCCO ,-1500.03
7-ELEVEN M2804 ,-80
7 ELEVEN STORE 37814 ,-80
WINDSOR PLYWOOD EASTSIDE ,-33.58
SELECT EQUIPMENT RENTA ST. ALBERT AB,-15.75
LOWES #03716* ,-159.29
PETROCAN-13205 97 STREET ,-85
EDMONTON WASTE MGMT CTR ,-52
HUGHES PETROLEUM LTD ,-88.63
Payee,
PLANET ORGANIC EDMONTO ,
BURGER KING ,
WAL-MART ,
CDN TIRE STORE ,
KOODO MOBILE PAC ,
MINI APNA PUNJAB FOODS ,
DOLLARAMA 429 ,
SS EDMONTON ,
SUNG LEE TRADITIONAL M ,
COSTCO WHOLESALE W156 ,
SHOPPERSDRUGMART0346 ,
SOBEYS LIQUOR ,
MCDONALD'S ,
SHOPPERS DRUG MART ,
COSTCO GAS W156 ,
GLASSY LIQUOR 34 ,
KATHIR FOOD EXPERIENCE ,
COSTCO WHOLESALE W258 ,
NEW ASIAN VILLAGE 17 S ,
KFC/TACO BELL ,
COSTCO GAS W258 ,
AUTOMATIC PAYMENT RECEIVED - THANK YOU,
MILLWOODS AUTO CENTRE ,
shoppers drug mart calgary ab,
www.aliexpress.com london,
paypal qiannilimit 4029357733,
fubotv amt 34.99,
- cash advance to - 3000707558 85,
cash advance fee,
calgparkauth 26016000 calgary ab,
mb-credit cardloc pay. from -,
tim hortons 1820 qth calgary ab,
tim hortons 1239 qth calgary ab,
fido mobile 746810720,
crossiron mills stroll rockyview ab,
aplitunes.combill,
paypal csy intl 4029357733,
hiossen implant canada vancouver,
calgparkauth 27004133 calgary ab,
telus pre-auth payment ,
calgary airport pay F calgary ab,
air can 0142198001170 aircanada.com,
air can 0142198001171 aircanada.com,
air can 0142198001172 aircanada.com,
air can 0142198816949 aircanada.com,
photomed international van nuys,
car airportrentals.com auckland,
ahs parking south health calgary ab,
impark00030442u calgary ab,
impark00030313u calgary ab,
ymca calgary - shawnessy calgary ab,
alberta dental associa ,
southcentre mall strol calgary ab,
harry rosen f057 calgary ab,
jerusalem shawarma calgary ab,
auburn station barbershop calgary ab,
evidence sport and spine calgary ab,
nobel biocare canada richmond hill,
dazn feltham,
airbnb 14158005959,
myalberta eservices ,
30007075 5885,
abm cash advance mahogany,
domestic cash advance fee,
wal-mart supercenter calgary ab,
deagla restaurant calgary ab,
basha international foods calgary ab,
credit voucherreturn wal-mart,
calgary united sports tab calgary ab,
interac abm cash advance interac,
cdspi toronto,
telescotia payment from - 07,
staples store calgary ab,
royal college of denta,
calgparkauth 26756394 calgary ab,
sq kanata trading post calgary ab,
impark00030264u calgary ab,
aladdins casbah calgary ab,
tim hortons calgary ab,
alzahra foods calgary ab,
banff east gate banff ab,
delta grand okanagan R kelowna,
impark00030178u calgary ab,
pc - payment from - 07 5885,
amazon.ca,
uber trip lryps help.uber help.uber.com,
uber trip oerqa help.uber help.uber.com,
U of A parking-jubilee ,
hyatt place edmonton D ,
toys R us ,
adv parking00600001u ,
dhl express canada ltd,
hudsons bay calgary ab,
citagenix laval,
calgparkauth 25674702 calgary ab,
ua u-park jub - W ,
ua u-park jub cp 1 ,
ahs accounts receivable ,
calgparkauth 25835952 calgary ab,
ahs ach parking lots ,
uofa cont dental educ ,
unit ed states dol lar,
1742 gb calgary westwi calgary ab,
annual cash back,
cash back sent to 0003000 70755885,
apl itunes.combill,
tsn verdun,
uber trip g3cvm help.uber help.uber.com,
uber trip z524g help.uber help.uber.com,
calgparkauth 27939046 calgary ab,
credit voucherreturn hiossen implant,
www.nchsoftware.com turner amt,
calgary airport exit toll calgary ab,
avis rent A car etobicoke,
air canada board mississauga,
century casino calgary ab,
holt renfrew calgary ab,
PETROCAN-13203 82ND ST NWEDMONTON AB,
CLEANERS WAREHOUSE ,
GOOGLE GSUITE OPTIMAX,
PRO DETAIL SUPPLY ,
payment - thank you,
nofrills leonhardts ,
sephora W edmonton 51 ,
save foods ,
groupon canada inc,
thyme maternity ,
bb islamic relief,
homeserve ,
gas bar ,
castledowns ida drug C ,
real cdn superstore ,
tim hortons 2933 qth ,
army navy dept store ,
circumcision ,
sq kelowna sun rental gosq.com,
dollarama 758 ,
cell xpress ,
joeys only seafood re ,
pita pit - 80 ca100 ,
italian centre shop ,
costco wholesale w154 ,
london drugs 21 ,
shoppers drug mart rocky view ab,
costco gas w1076 balzac ab,
rw & co. rocky view ab,
calgparkauth 20874048 calgary ab,
white spot 625 kelowna,
cactus club kelowna,
petrocan kelowna,
real cdn superstore kelowna,
gas bar kelowna,
city of kelowna - park kelowna,
petrocan golden,
texonic av mounting so mississauga,
capital pizza and stea ,
bb islamic relief mississauga,
eastern current dist L,
elsafadi mediterrean M ,
booster juice store ,
subway 50877 ,
prakashs no frills 34 ,
healthcare supply cent ,
mr paintball northern ,
hostel world internet irl,
ihop restaurant ,
groupon inc,
cgicanvas demand,
esso whitecourt ab,
al-rashid mosque ,
telus desktop payment ,
retail credit adjustment,
tays food store qpe ,
memory express compute ,
aldo ,
jugo juice ,
guess 5983 ,
hostelling internation new york,
husky cherry grove mkt ,
wmt suprctr 1146 ,
cpaacp-benefit progra ottawa,
safeway ,
cellularoutfitter.ca 18008716926,
stewart belland & asso ,
precise parklink inc toronto,
remedy 109th st. ,
le chateau ,
esso ,
rtdrs ,
urban behaviour 1626 ,
paradiso ,
rona home & garden ,
viphalay laos and thai ,
dollarama 446 ,
oriental noodle house ,
afghan chopan kebab ,
toner laser centre inc ,
boston pizza 157 ,
petrocan ,
qb-civil-edmonton ,
sherwin-williams 8867 ,
wmt suprctr ,
mary browns 9084 ,
mt. fuji teppan-yaki ,
shell ,
anixter canada inc.,
costco wholesale w1157 st. albert ab,
sams solution auto ,
albaraka meat shop ,
sobeys ,
mildly chinese herbal ,
senza ,
planet organic jasper ,
acusport seminar serie 06199978555,
best buy ,
tim hortons 1645 qth ,
swiss donair ,
monoprice com 9099896887,
carhire online transp irl,
avis rent avis oud casablanca 504,
hmshost montl airport dorval,
appliance outlet ,
www.aliexpress.com london gbr,
alsa sevilla armas sevilla esp,
alsa granada esp,
dynamite ,
wellness med supply concord,
jugo juice kingsway ,
jiffy lube ,
subway 23923 ,
shoppersdrugmart0317 ,
moxies classic grill ,
expedia expedia.ca,
bed bath & beyond ,
ac rouge board cafe mississauga,
autocares valenzuela algeciras esp,
hotel on booking.com amsterdam nld,
moda hogar cordoba esp,
alsa cordoba esp,
hostal atenas granada esp,
ticketmaster tvr barcelona esp,
tarifa port tarifa esp,
hudsons bay ,
costco annual membership-1-800-463-3783,
precision health and W ,
jysk canada 868 ,
paris jewllers ,
costco.ca online,
www.sportchek.ca 8779772435 ab,
boosterjuice - 428 ca ,
hair ultima internatio ,
payment - thank you paiement - merci,
mobil ,
sport chek ,
edo japan ,
real canadian sprst154 ,
rcss ,
state & main windermer ,
ss ,
harts table & bar ,
cash back reward,
mr. lube ,
mcdonalds ,
verastaco shack gran ,
massage experts edmont ,
rcls edmonton 119 ,
mobil@ - 1788 ,
freedom mobile inc,
ikes cafe and grill norcross,
kijiji canada ltd 8445454543,
lounge 117 ,
ama memb 85h ,
amamemweb ,
ama85k ,
national 10 calgary ab,
pleasantview dental,
amzn mktp ca1z7p895x3,
amzn mktp cauo5zp3rh3,
amzn mktp cabx5d04el3,
amzn mktp cag85ho2hx3,
pattersondentalcanada,
amzwomow www.amazon.c,
google youtubepremium g.cohelppay,
amzn mktp caw49kz1z83,
amzn mktp cai19wk1m03,
save foods edmonton,
safeway edmonton,
tulsa dental products,
plan canada,
quickbooks,
rashid mosque,
amazon.cayn2ub82l3 amazon.ca,
amzn mktp caje8a774w3,
henry schein canada niagara-lk,
recall system solutions calgary,
microsoftoffice 365 home,
shaw cablesystems calgary,
amazon.ca prime member amazon.capr,
medicine shoppe 353 edmonton,
shell 9330 144 ave edmonton,
swiss donair edmonton,
fido mobile 690520887,
amzbromen www.amazon.c,
amzbasspal direct-ca www.amazon.c,
amzmuya-ca www.amazon.c,
amzeaseland www.amazon.c,
sinclair dental north vancou,
amzn mktp can867l27l3,
castledowns ida drug ctre,
amzn mktp ca2c10n4fj3,
amazon.ca8f6836nm3 amazon.ca,
amzn mktp ca9m67h83b3,
amzn mktp caii7gx2qn3,
stmarkjamesfirstaid 8888707002,
amazon.cax19c01533 amazon.ca,
get wired orthodontic,
amazon.ca1d0l70z23 amazon.ca,
red swan pizza edmonton,
amazon.cavx5bv11l3 amazon.ca,
polar dental lab,
islamic relief canada burlington,
mw biomedical inspecti edmonton,
praxair canada,
overlimit fee mar 26,
amzn mktp camj5go4g60,
hayes handpiece of albert,
googleyoutubepremium internet,
rw montreal,
amzn mktp camj1pi07p2,
microsoftmicrosoft 365 F,
lululemoncom,
sahara edmonton,
bananarepublic.com 465,
bed bath & beyond richmond,
polar dental lab edmonton,
sobeys beaumaris edmonton,
edmonton islamic acade,
dnhgodaddy.com,
pleasantview dental art,
g-m pearson biomedical,
google youtubepremium,
shell 9804 153 ave edmonton,
tim hortons edmonton,
eventbriteoliveoilfor toronto,
paramo cafe edmonton,
telus online payment P vancouver,
rashid mosque edmonton,
polymershapes edmonton,
laminati richmond,
dricrashplan for sb,
castrol raceway nisku,
fidelity dental laborator,
london drugs line richmond,
healthsante canada ottawa,
align technology risch rotkre,
ink inc sherwood par,
skipthedishes winnipeg,
dollarama 446 edmonton,
canadian safety supplies,
dens N dente densndente.c,
ardene edmonton,
cdn tire store edmonton,
microsoftmicrosoft 365 F mississauga,
kernels popcorn edmonton,
toys R us edmonton,
amazon.caxb88w0hh3 amazon.ca,
amazon.cagg8sw4513 amazon.ca,
wal-mart supercenter,
mcdonalds edmonton,
arabian muslim associatio,
wu 8986392650 toronto,
telus mobility,
cash interest,
inter provincial dental L,
ada&c edmonton,
fatburger - namao edmonton,
capture the moment edmonton,
almadina halal meat & edmonton,
toy land company vancouver,
sp bisco dental prod richmond,
culligan-head office cambridge,
sport chek edmonton,
prototype hubs lacombe,
designer brands shoes north york,
goldhunt edmonton,
thyme maternity edmonton,
amzn mktp cams93s7yy1,
amzn mktp cams7jz39c0,
amzn mktp cajj7cp2gp3,
amzn mktp camc81o6dh2,
canadian ppe safety S,
crepe delicious edmonton,
fabricland mid west lt edmonton,
rw & edmonton,
hugo boss canada inc. concord,
E children ltd edmonton,
www.sportchek.ca 8779772435,
telus online payment vancouver,
smilemakers for children ajax,
amzszaienxil www.amazon.c,
amzn mktp camy93g4ng2,
boston pizza 157 edmonton,
amzn mktp capv3um4ux3,
amazon.cahv04x3i73 amazon.ca,
amazon.cahf0zs1kf3 amazon.ca,
amzn mktp cavy6295xq3,
amazon.camh95u23k3 amazon.ca,
amzn mktp ca8k82d5jr3,
amzn mktp caz88ge0eb3,
amzn mktp cah05el4b93,
amzn mktp ca5t8ge8od3,
amzn mktp can76se62s3,
elsafadi mediterrean mark,
amzn mktp ca6m13i7jx3,
amzn mktp cakq5gh1e43,
amzn mktp cavu8lw5gs3,
amzn mktp cad78dd3e83,
mobil@ - 3767 edmonton,
amzn mktp caff0cz0q73,
amzn mktp ca243d28lp3,
sobeys edmonton,
amzn mktp ca5t46v5a83,
amzn mktp can51x20lf3,
valuemed professional pro,
google ads2715403644,
amzn mktp cao15zm13e3,
amzn mktp ca9i4ui5rz3,
amzn mktp cavk21o9kr3,
hudsons bay edmonton,
amzn mktp cadv75i1ju3,
amzn mktp caqu66u8t53,
amzn mktp cavb2my1493,
amzn mktp ca437xk2va3,
amzn mktp catu8r13sj3,
amzn mktp cao36ss8ek3,
amzn mktp ca885j67933,
amzn mktp came9q95il3,
amzn mktp ca4z7xi5gz3,
amzn mktp cawp44g2zb3,
sp showpass - 7gc calgary,
amzn mktp cafn9go9py3,
amzn mktp caal1jp5g93,
amzn mktp caq362a3kq3,
amzn mktp cafj4ki3ez3,
amzn mktp ca6d1na7lf3,
amzn mktp ca1t6521283,
amzn mktp came4z54mt3,
amzn mktp capx8lr03t3,
dental img dba isigendx,
walmart canada inc mississauga,
amazon.ca7z2vx3py3 amazon.ca,
nbxhttp:yogalifestudio,
shoppers drug mart,
starbucks 04939 edmonton,
castle bake restaurant,
total focus edmonton,
healthcare solutions edmonton,
cineplex 3151 edmonton,
otterboxlifeproof 9704938446,
clinical research dental london,
somnomed canada inc.,
aed4lifeberrn consulting dundas,
safeway gas bar 8891 edmonton,
amzn mktp ca2814q2ct2,
tays food store qpe edmonton,
vanity box beauty salon I,
moxies bar and grill wem,
amzrancco www.amazon.c,
unlimited plan rebate,
annual fee,
calvin klein edmonton,
hajars halal meats edmonton,
edds-online edmonton,
shoe warehouse 762 edmonton,
gap.com 4584,
intact insurance company,
amzn mktp cam48q15i70,
expedia 7552707826370,
td points redemption,
the calgary zoo calgary,
spasation londonderry edmonton,
uofa marketplace online,
islamic relief canada,
root of beirut edmonton,
sp yeg cornmaze - lkc calgary,
mountain warehouse www,
merle norman cosmetics da,
dricrashplan for sb crashplan.co,
thebay.com toronto,
bed bath & beyond edmonton,
best buy calgary,
best buy lloydminster,
centex pilot sound -pump,
amzn mktp camm9k68rx0,
teamsnap stalbertsocc st.,
edmonton islamic school S,
sunbake pita bakery edmonton,
puma south edmonton,
ishtar restaurant calgary ab,
mortgage protection plan oakville,
shoppersdrugmart0329 calgary ab,
shell 1136 137 ave se. calgary ab,
petrocan-1010 strathcona calgary ab,
best buy calgary ab,
boston pizza 139 calgary ab,
shell 1595 32 ave calgary ab,
D spot dessert cafe calgary ab,
crc ottawa,
securtek monitoring--sk yorkton,
winsport calgary ab,
mountain warehouse calgary ab,
ember lounge calgary ab,
fubotv inc,
pharmedic pharmacy calgary ab,
telus mobility preauth calgary ab,
best buy 902 calgary ab,
mercedes benz country calgary ab,
fas gas frank slide pap blairmore ab,
the nursing station calgary ab,
mr. lube calgary ab,
fitness depot calgary ab,
glassmasters autoglass cscalgary ab,
mortgage protection plan toronto,
calg co-op gas bar p@calgary ab,
lowes 03318 calgary ab,
petrocan-42148 highway 1calgary ab,
royal oak nissan ltd calgary ab,
ecco cross iron rocky view ab,
the home depot calgary ab,
ollia macarons & tea calgary ab,
van heusen rocky view ab,
red lobster 8181 calgary ab,
park indigo - no cca074 calgary ab,
genesis continuing dental4162509393,
diwan calgary ab,
old navy canada 3460 calgary ab,
softmoc 67 calgary ab,
air can 0149433679352aircanada.commb,
flighthub.com 1800900143118009001431,
flair ticketing,
foothills hospital hom calgary ab,
safeway calgary ab,
cbe-main office calgary ab,
shell flying J calgary ab,
telus mobility scarborough,
ikea calgary ab,
mobil@ - 1739 calgary ab,
husky chinook calgary ab,
visions electronics calgary ab,
wayfairwayfair.ca,
mobil@ - 1745 calgary ab,
ryan my fireplace guy587-2238884 ab,
security national insuranmontreal,
canadian pizza unlimited calgary ab,
lounge eighteen calgary ab,
joey chinook calgary ab,
petrocan-800 nolan hill ncalgary ab,
appliance parts calgary ab,
cdn tire store calgary ab,
indigo 414 rocky view ab,
petrocan-1438 kensington calgary ab,
np lake louise mobile pn field,
fox hotel & suites banff ab,
dairy queen calgary ab,
garden scents garden centrocky view coab,
wal-mart store calgary ab,
wal-mart supercenter5726calgary ab,
honda west calgary ab,
calgary airport exit tollcalgary ab,
united air 0162311003430continental,
united air 0162311003431continental,
united air 0161573494719continental,
united air 0161573494720continental,
shoppers drug mart 2449calgary ab,
united security&alarm ab,
double ace auto services calgary ab,
country pizza ltd. calgary ab,
esso circle K calgary ab,
nike canada calgary rocky view ab,
case mogul calgary ab,
earls willow park calgary ab,
telus mobility preauth ab,
telus pre-auth payment ab,
ada&c ,
westside chiropractic calgary ab,
apple store r209 calgary ab,
urban kids calgary ab,
westjet 8382157611868calgary ab,
baklawa king mississauga,
airflight services concord,
real cdn superstore calgary ab,
moxies -065 calgary ab,
meineke car care cente calgary ab,
calgparkauth 31176912 calgary ab,
ymca calgary ab,
nbxbbjtkw ab,
impark00030080u calgary ab,
landmark web ticketing ab,
vintage stylists london amt 89.95,
fubotv inc amt 15.99,
shaw cablesystems calgary ab,
shopsmarter.com amt,
amzn mktp camk0n89cm1,
rogers 893290213,
paragon testing enterpris vancouver,
paypal xunhaikejiy sa 4029357733,
sq tech!espresso calgary ab,
adt canada 200805711 www.adt.ca ab,
apple.combill apple,
adobe acropro subs 4085366000 amt,
amazon.camk6dq9st1 amazon.ca,
naiad irrigation systems ab,
sp helse ultrasonic httpshelseult,
dazn limited feltham,
jaanuu.com amt,
amzn mktp camk18v1w10,
direct energy regulated ,
credit voucherreturn paypal,
amzn mktp ca2t40h7cu0,
amzn mktp ca2t9j82cv0,
amzn mktp ca2t0909vg1,
amazon.ca2t4cx6jr2 amazon.ca,
amazon.ca prime member amazon.capri,
sobeys cranston calgary ab,
naiad irrigation systems rocky view,
paypal sherazalia1 eb 4029357733,
paypal pairuishiye eb 4029357733,
univet north america,
advanced prf ed teachable.com amt,
hiossen implant canada markham,
smart dubai government dubai amt,
sleepe-sleep.com httpssleepysl amt,
uber trip help.uber.com,
sp things of the sta montreal amt,
www.springer.com amt,
yemeni village calgary ab,
amzn mktp cawn0uj3pt3,
the rug liquidators calgary ab,
pay,
dazn limited dazn.com,
fbfundraiser rome,
equifax consumer,
30007075 5885 from -,
telus spark 10283142 calgary ab,
toys R us calgary ab,
amazon.camn3bh7o33 amazon.ca,
uberbv amsterdam,
calgparkauth 31693317 calgary ab,
apple.combill,
mosquitoblock.co amt,
urban measure inc. ab,
apple pay,
calgparkauth 31775640 calgary ab,
bookjewl.co 18779345188 bookjewl.com amt,
ben moss ecommerce dartmouth,
credit voucherreturn ben moss,
adobe acropro trial 8008336687 amt,
oupseven london amt 20.90 unit,
inspire uplift 3053767885 amt,
apple.combill toronto,
alaigra vancouver amt 20.99,
monyberry fashions amt 39.40 unit ed,
paypal condopro 4029357733 ab,
rona.ca. boucherville,
www costco on,
sp simplekleentm toronto amt,
sp simplekleentm toronto,
mango maids calgary ab,
ashley furniture homestor calgary ab,
signature lighting & F calgary ab,
canadian appliance source calgary ab,
u-haul flying J southe calgary ab,
u-haul flying J southe ab,
wf wayfair 3204884817 mississauga,
braidies tavern axe creek amt,
rona home & garden calgary ab,
lowes 02953 calgary ab,
credit voucherreturn lowes 02953,
leon S furniture 31 calgary ab,
paypal hyper tech eba 4029357733,
security national insuran montreal,
the brick cdm 1v calgary ab,
rona westhills calgary ab,
hellosunnyshop.com internet amt,
bottoms up scrubs calgary ab,
caspian rugs centre calgary ab,
birchwood furniture galle calgary ab,
chintz & calgary ab,
bed bath & beyond richmond hill,
sofa land calgary ab,
woowlish online shop amt 20.97 unit,
synca repentigny,
powell lumadent kingston,
credit voucherreturn the home depot,
ivrose.com 1913 internet,
struc-tube ltd calgary ab,
mediterranean meats & del calgary ab,
paypal shengguo 4029357733,
wf wayfair 3360887417 mississauga,
sq eden bay inc. gosq.com apple,
22185 macs conv. stores calgary ab,
sp Z A N home deco ottawa,
amzn mktp camm5u624q1,
xlnc furniture & mattress calgary ab,
burberry canada inc. toronto,
apple.combill toronto apple pay,
amzn mktp camm2n146t0,
wish.com,
amzn mktp camm3wu5w42,
amzn mktp camm84u4y42,
japco pest control ltd calgary ab,
paypal anhuadental eb 4029357733,
credit voucherreturn apple.combill,
amzn mktp camu8oh8492,
amzn mktp camu9w154v2,
calgparkauth 32227788 calgary ab,
calgparkauth 32228000 calgary ab,
adt canada 200805711 ab,
ivrose.com 3573 internet,
paypal experttradi eb 4029357733,
paypal wwwbldental eb 4029357733,
paypal oscompanyin eb 4029357733,
fubotv inc amt 7.99,
amzn mktp cam45xa0je0,
conmetior llc www.conmetior amt,
tasker taskrabbit vancouver,
spectrum educational supp,
alberta dental associa edmonton,
sobeys 3189 edmonton,
paramount fine foods edmonton,
henry schein canada,
invisalign 8888225446,
al-rashid mosque edmonton,
densn dente dental suppl,
microsoft office 365 8775682495,
traffic-edmonton edmonton,
toner laser centre inc. edmonton,
fido 690520887,
quickbooks online london ec4v,
alarmforce industries,
sedra ltd. edmonton,
tim hortons 2282 qth edmonton,
centex west edm pump edmonton,
ahs accounts receivable,
staples.ca mississauga,
facebk cvf7b92w42,
cactus club west ed edmonton,
shoe warehouse edmonton,
facebk 7t82f9ev42,
wpyrayanas journey,
dollarama 758 edmonton,
aeroplan montreal,
brian k.s. kucey professi,
wpygift for grade ones,
den mat canada ltd,
retail interest,
intuit qb online london ec4v,
wem group sales edmonton,
bisco dental products richmond,
tutti frutti edmonton N,
sunwing vacations,
uline,
nobel biocare canada richmond,
edm epark pay machine edmonton,
inter prov dental edmonton,
align technology b.v.,
align technology b.v. 0800-220-200,
paygrand cayman villas A,
greyhound canada-8903,
air canada 0141159306712 winnipeg,
air canada 0141159306713 winnipeg,
purchase interest adj toronto,
well.ca inc guelph,
jl endontics edmonton,
greyhound canada-8902,
wikimedia san francisc,
nellos st. albert,
husky cher.gr.mkt2779 edmonton,
amphora skin & spa edmonton,
staples store edmonton,
lg electronics canada north,
rona home & garden,
atop dental canada inc toronto,
jmichaels 0117 edmonton,
mammakinllc 4259229505,
aara fine payment edmonton,
yo mama maternity edmonton,
le chateau edmonton,
value-med professional,
paypal muslimedmon 4029357733,
best buy edmonton,
global tax corporation,
wal-mart ecomm mississauga,
wal-mart store edmonton,
paypal texonic av 4029357733,
alca distribution inc. surrey,
akco door and lock toronto,
royal lock & key edmonton,
expedia,
henry schein canada niagara T,
pasticcio trattoria edmonton,
passportpasseport,
photo stop edmonton,
air canada 0141015514459 winnipeg,
air canada 0141015514461 winnipeg,
air canada 0141015511162 winnipeg,
air canada 0141015511163 winnipeg,
air canada 0141015511164 winnipeg,
air canada 0142167326710,
air canada 0142167326711,
www.crdha.ca edmonton,
wem eds rec room edmonton,
kickstarter.com 9292244943,
castle bake 1 edmonton,
plnpriceline hotels,
westjet 8382118557925 calgary,
dollar tree canada,
yogalife studios edmonton,
city of edmonton web edmonton,
sicilian pasta kitchen edmonton,
facebk 9fqsh9nv42,
petrocan-14110- 127 st nw ,
almadina halal meat & ,
22525 macs conv. stores ,
dollarama ,
7-eleven ,
petrocan-12707 127 street ,
wal-mart supercenter edmonton,
primmum insurance company montreal,
turkiye kizilay dernegi ankara amt,
petrocan-12659 - 153 ave ,
tim hortons st. albert ab,
dollarama st. albert ab,
22664 macs conv. stores st. albert ab,
lowes 03313 st. albert ab,
shell 15131 127 st ,
credit voucherreturn aliexpress,
paypal google 4029357733,
bk ,
22523 macs conv. stores ,
cappadocia import turkish ,
elsafadi food market ,
westgate meat & deli ,
north central co-op alban edmonton,
uber eats help.uber.com amsterdam,
amzn mktp ca4s1t554p3,
shell 13215 127 st ,
giant tiger ,
amzn mktp cay201g0203,
amazon.camt98i9iw3 amazon.ca,
amzn mktp caj16o33163,